name;locale
Accounting;en
Airlines/Aviation;en
Alternative Dispute Resolution;en
Alternative Medicine;en
Animation;en
Apparel & Fashion;en
Architecture & Planning;en
Arts and Crafts;en
Automotive;en
Aviation & Aerospace;en
Banking;en
Biotechnology;en
Broadcast Media;en
Building Materials;en
Business Supplies and Equipment;en
Capital Markets;en
Chemicals;en
Civic & Social Organization;en
Civil Engineering;en
Commercial Real Estate;en
Computer & Network Security;en
Computer Games;en
Computer Hardware;en
Computer Networking;en
Computer Software;en
Construction;en
Consumer Electronics;en
Consumer Goods;en
Consumer Services;en
Cosmetics;en
Dairy;en
Defense & Space;en
Design;en
Education Management;en
E-Learning;en
Electrical/Electronic Manufacturing;en
Entertainment;en
Environmental Services;en
Events Services;en
Executive Office;en
Facilities Services;en
Farming;en
Financial Services;en
Fine Art;en
Fishery;en
Food & Beverages;en
Food Production;en
Fund-Raising;en
Furniture;en
Gambling & Casinos;en
Glass  Ceramics & Concrete;en
Government Administration;en
Government Relations;en
Graphic Design;en
Health  Wellness and Fitness;en
Higher Education;en
Hospital & Health Care;en
Hospitality;en
Human Resources;en
Import and Export;en
Individual & Family Services;en
Industrial Automation;en
Information Services;en
Information Technology and Services;en
Insurance;en
International Affairs;en
International Trade and Development;en
Internet;en
Investment Banking;en
Investment Management;en
Judiciary;en
Law Enforcement;en
Law Practice;en
Legal Services;en
Legislative Office;en
Leisure Travel & Tourism;en
Libraries;en
Logistics and Supply Chain;en
Luxury Goods & Jewelry;en
Machinery;en
Management Consulting;en
Maritime;en
Marketing and Advertising;en
Market Research;en
Mechanical or Industrial Engineering;en
Media Production;en
Medical Devices;en
Medical Practice;en
Mental Health Care;en
Military;en
Mining & Metals;en
Motion Pictures and Film;en
Museums and Institutions;en
Music;en
Nanotechnology;en
Newspapers;en
Nonprofit Organization Management;en
Oil & Energy;en
Online Media;en
Outsourcing/Offshoring;en
Package/Freight Delivery;en
Packaging and Containers;en
Paper & Forest Products;en
Performing Arts;en
Pharmaceuticals;en
Philanthropy;en
Photography;en
Plastics;en
Political Organization;en
Primary/Secondary Education;en
Printing;en
Professional Training & Coaching;en
Program Development;en
Public Policy;en
Public Relations and Communications;en
Public Safety;en
Publishing;en
Railroad Manufacture;en
Ranching;en
Real Estate;en
Recreational Facilities and Services;en
Religious Institutions;en
Renewables & Environment;en
Research;en
Restaurants;en
Retail;en
Security and Investigations;en
Semiconductors;en
Shipbuilding;en
Sporting Goods;en
Sports;en
Staffing and Recruiting;en
Supermarkets;en
Telecommunications;en
Textiles;en
Think Tanks;en
Tobacco;en
Translation and Localization;en
Transportation/Trucking/Railroad;en
Utilities;en
Venture Capital & Private Equity;en
Veterinary;en
Warehousing;en
Wholesale;en
Wine and Spirits;en
Wireless;en
Writing and Editing;en
Contabilidad;es
Aeronáutica / Aviación;es
Resolución alternativa de conflictos;es
Medicina alternativa;es
Animación;es
Industria textil y moda;es
Arquitectura y planificación;es
Artes y manualidades;es
Automotor;es
Aeroespacial y aviación;es
Banca;es
Biotecnología;es
Medios de difusión;es
Materiales de construcción;es
Artículos de oficina y equipamiento;es
Mercados de capitales;es
Productos químicos;es
Organización cívica y social;es
Ingenieria civil;es
Bienes Raíces ;es
Seguridad informatica;es
Juegos de computadora;es
Hardware ;es
Redes - Networking;es
Software;es
Construcción;es
Electrónica de consumo;es
Bienes de consumo;es
Servicios al Consumidor;es
Productos cosméticos;es
Lechería;es
Defensa del espacio;es
Diseño;es
Administración de educación;es
E-Learning;es
Manufactura eléctrica / electrónica;es
Entretenimiento;es
Servicios ambientales;es
Servicios de eventos;es
Oficina Ejecutiva;es
Instalaciones Servicios;es
Agricultura;es
Servicios financieros;es
Bellas Artes;es
Pesquería;es
Alimentos y bebidas;es
La producción de alimentos;es
La recaudación de fondos;es
Muebles;es
Apuestas y casinos;es
Cristal, cerámicas y concreto;es
Administración gubernamental;es
relaciones Gubernamentales;es
Diseño gráfico;es
Salud Wellness y Fitness;es
Educación superior;es
Atención sanitaria y hospitalaria;es
Hospitalidad;es
Recursos humanos;es
Importaciones y exportaciones;es
Servicios sociales;es
Automatización industrial;es
Servicios de información;es
Servicios de tecnologia IT;es
Seguros;es
Asuntos Internacionales;es
Desarrollo y comercio internacional;es
Internet;es
Banca de inversión;es
Gestión de inversiones;es
Poder judicial;es
Orden público;es
Abogacía;es
Servicios jurídicos;es
Oficina legislativa;es
Ocio viajes turismo;es
Bibliotecario;es
Logística y cadena de suministros;es
Artículos de lujo y joyas;es
Maquinaria;es
Consultoría de gestión;es
Marítimo;es
Marketing y publicidad;es
Investigación de mercado;es
Ingeniería industrial o mecánica;es
Producción de medios;es
Dispositivos médicos;es
Práctica médica;es
Cuidado de la salud mental;es
Militar;es
Minería y Metales;es
Películas y cine;es
Museos e instituciones;es
Música;es
Nanotecnología;es
Prensa;es
Gestión de organizaciones sin ánimo de lucro;es
Petróleo y energía;es
Medios de comunicación en línea - Online media;es
Subcontrataciones / Offshoring;es
Paquete / carga de la entrega;es
Embalaje y contenedores;es
Productos de papel y forestales;es
Artes escénicas;es
productos farmacéuticos;es
Filantropía;es
Fotografía;es
Plástica;es
Organización política;es
Educación primaria / secundaria;es
Imprenta;es
Formación profesional y capacitación;es
Desarrollo de programas;es
Política pública;es
Relaciones públicas y comunicaciones;es
Seguridad Pública;es
Publicación;es
Fabricación de ferrocarril;es
Ganadería;es
Bienes raíces;es
Instalaciones y servicios de recreo;es
Las instituciones religiosas;es
Energía renovable y medio ambiente;es
Investigación;es
Gastronomía;es
Venta al por menor;es
Seguridad e investigaciones;es
Semiconductores;es
Construcción naval;es
Artículos deportivos;es
Deportes;es
Dotación y selección de contrataciones;es
Supermercados;es
Telecomunicaciones;es
Textiles;es
Comité de expertos;es
Tabaco;es
Traducción y localización;es
Transporte / Camiones / Ferrocarril;es
Utilidades;es
Capital de riesgo y de capital privado;es
Veterinario;es
Almacenamiento;es
Venta al por mayor;es
Vinos y licores;es
Servicios Inalámbricos - Wireless;es
Escritura y edición;es